bank_reference,settlement_reference,settlement_group_id,statement_date,amount,statement_category
BANK-D001,S001,,2026-08-02,1000.0,DISBURSEMENT
BANK-D002,S002,,2026-08-03,2000.0,DISBURSEMENT
BANK-D003,S003,,2026-08-04,1500.0,DISBURSEMENT
BANK-D005,S999,,2026-08-07,300.0,DISBURSEMENT
BANK-D004,,G001,2026-08-06,2000.0,DISBURSEMENT
BANK-R001,S007,,2026-08-11,400.0,REPAYMENT
BANK-R002,S008,,2026-08-12,450.0,REPAYMENT
BANK-R003,S009,,2026-08-13,300.0,REPAYMENT
BANK-R004,,G002,2026-08-16,1000.0,REPAYMENT
